Artist,Album,Title,time
Killshot,Beastmode,Beastmode - Radio Edit,27 Mar 2018 08:09
Phuture Noize,Pursuit of Thunder,King Of The Jungle,27 Mar 2018 08:05
Phuture Noize,Anthem Of Freedom (Qapital Anthem 2018),Anthem Of Freedom (Qapital Anthem 2018),27 Mar 2018 08:01
Rejecta,Followed,Followed,26 Mar 2018 16:33
Headhunterz,The Return Of Headhunterz,Still Standin',26 Mar 2018 14:40
Phuture Noize,Hardstyle The Ultimate Collection Best Of 2017,Fire - Radio Edit,26 Mar 2018 14:37
Frequencerz,Qlimax 2017 Temple Of Light,Alright,26 Mar 2018 14:33
Gunz For Hire,Qlimax 2016 Rise Of The Celestials,No Mercy - Radio Edit,26 Mar 2018 14:30
Scarphase,Phase One,Enter The Snakepit (Official Snakepit 2016 Anthem) - Radio Edit,26 Mar 2018 14:28
Minus Militia,Gas D'r Op (Militant Edit),Gas D'r Op - Militant Edit,26 Mar 2018 14:25
Deadly Guns,The Gunshow,Power Of Truth,26 Mar 2018 14:22
Rejecta,Followed,Followed,26 Mar 2018 14:18
Radical Redemption,The Road To Redemption (Radio Edits),America - Radio Edit,26 Mar 2018 14:15
The Pitcher,Keep It Up,Keep It Up,26 Mar 2018 14:12
Stromae,Racine Carrée,Formidable,26 Mar 2018 14:08
Stromae,Racine Carrée,Formidable,26 Mar 2018 14:05
Stromae,Racine Carrée,Merci,26 Mar 2018 14:01
Stromae,Racine Carrée,Sommeil,26 Mar 2018 13:58
Stromae,Racine Carrée,Avf,26 Mar 2018 13:54
Stromae,Racine Carrée,Ave Cesaria,26 Mar 2018 13:50
Stromae,Racine Carrée,Quand c'est ?,26 Mar 2018 13:47
Moow,I Can't Tell You How Much It Hurts,Wake Up,26 Mar 2018 13:46
Moow,I Can't Tell You How Much It Hurts,people,26 Mar 2018 13:44
Moow,I Can't Tell You How Much It Hurts,Morning,26 Mar 2018 13:43
Johannes Bornlof,The Boy Who Flew Away,A Land Above the Clouds,26 Mar 2018 13:41
Psyko Punkz,Doutzen,Doutzen - Radio Version,26 Mar 2018 13:18
The Prophet,Caramba!,Caramba! - Radio Edit,26 Mar 2018 13:16
Project One,EP I,Luminosity,26 Mar 2018 13:12
Killshot,Beastmode,Beastmode - Radio Edit,26 Mar 2018 13:09
Rejecta,Followed,Followed,26 Mar 2018 13:06
Phuture Noize,Anthem Of Freedom (Qapital Anthem 2018),Anthem Of Freedom (Qapital Anthem 2018),26 Mar 2018 13:01
Topic,Home (feat. Nico Santos) [The Remixes],Home (feat. Nico Santos) - Marcapasos Radio Remix,26 Mar 2018 03:09
Domeno,Lies,Lies,26 Mar 2018 03:06
Mac Beez,Never Gonna Give You Up,Never Gonna Give You Up,26 Mar 2018 03:03
Möwe,Skyline,Skyline,26 Mar 2018 03:00
Bakermat,Living,Living,26 Mar 2018 02:57
James Hersey,Coming Over (Filous Remix),Coming Over - Filous Remix,26 Mar 2018 02:54
Mount & Nicolas Haelg,Something Good (Radio Edit),Something Good - Radio Edit,26 Mar 2018 02:51
Zonoma,Somebody Else,Somebody Else,26 Mar 2018 02:47
Little Giants,We Start Fires,We Start Fires,26 Mar 2018 02:44
Mike Perry,Body to Body,Body to Body,26 Mar 2018 02:37
Listenbee,Save Me,Save Me,26 Mar 2018 02:33
Oceans,Cold Ain't For Me,Cold Ain't For Me,26 Mar 2018 02:28
Sam Feldt,Been A While EP,Been A While,26 Mar 2018 02:25
Dusky Grey,Call Me Over,Call Me Over,26 Mar 2018 02:22
Cazzette,Handful Of Gold (Remixes II),Handful Of Gold - Hounded Remix,26 Mar 2018 02:17
Campsite Dream,No Diggity,No Diggity,26 Mar 2018 02:14
Radical Redemption,The Road To Redemption (Radio Edits),America - Radio Edit,26 Mar 2018 02:12
Deetox,Unstoppable,Unstoppable,26 Mar 2018 02:10
Headhunterz,Hardstyle Top 100 - Best Of 2017,Destiny - Edit,26 Mar 2018 02:07
Lost Frequencies,All Or Nothing (Remixes Part 2),All or Nothing - Sultan + Shepard Remix,26 Mar 2018 02:03
The Vamps,Middle Of The Night,Middle Of The Night,26 Mar 2018 02:00
Boehm,Future Self,Future Self,26 Mar 2018 01:57
Alan Walker,Tired (Kygo Remix),Tired - Kygo Remix,26 Mar 2018 01:53
LittleKings,Part of Me,Part of Me,26 Mar 2018 01:50
Campsite Dream,No Diggity,No Diggity,26 Mar 2018 01:47
O-Zone,Q-Music Top 500 Editie 2010,Dragostea Din Tei,24 Mar 2018 15:32
Famke Louise,VROOM,VROOM,24 Mar 2018 15:29
Blackstreet,Another Level,No Diggity,24 Mar 2018 15:22
Mike Perry,Body to Body,Body to Body,24 Mar 2018 07:56
Lucy Neville,Fall At Your Feet,Fall At Your Feet,24 Mar 2018 07:52
Sam Feldt,Been A While EP,Been A While,24 Mar 2018 07:50
Eminem,The Marshall Mathers LP2 (Deluxe),Rap God,24 Mar 2018 07:35
Eminem,Revival,Bad Husband (feat. X Ambassadors),24 Mar 2018 07:31
Eminem,Curtain Call,The Way I Am,24 Mar 2018 01:50
Eminem,Curtain Call,When I'm Gone,24 Mar 2018 01:45
Eminem,The Marshall Mathers LP2 (Deluxe),Rhyme or Reason,24 Mar 2018 01:40
Eminem,Recovery,Not Afraid,24 Mar 2018 01:36
Eminem,Curtain Call,Cleanin' Out My Closet,24 Mar 2018 01:31
Eminem,The Marshall Mathers LP2 (Deluxe),Beautiful Pain,24 Mar 2018 01:27
Seb,Breathe,Breathe,24 Mar 2018 01:24
Sol Calor,Midnight Sky,Midnight Sky,24 Mar 2018 01:20
Mike Perry,Talk About It,Talk About It,24 Mar 2018 01:17
The Vamps,Middle Of The Night,Middle Of The Night,24 Mar 2018 01:15
Sebastien,Music In You,Music In You,24 Mar 2018 01:12
Mike Perry,Hands,Hands,23 Mar 2018 15:17
On June,Stuck On You,Stuck On You,23 Mar 2018 15:14
Campsite Dream,Little Do You Know,Little Do You Know,23 Mar 2018 15:11
Lost Frequencies,All Or Nothing (Remixes Part 2),All or Nothing - Sultan + Shepard Remix,23 Mar 2018 15:07
Hot Shade,Better,Better,23 Mar 2018 15:04
Domeno,Lies,Lies,23 Mar 2018 15:01
Miley Cyrus,Malibu (Tiësto Remix),Malibu - Tiësto Remix,23 Mar 2018 14:58
Cazzette,Handful Of Gold (Remixes II),Handful Of Gold - Hounded Remix,23 Mar 2018 14:54
Mahmut Orhan,Save Me,Save Me,23 Mar 2018 14:51
Achtabahn,Maaya,Maaya,23 Mar 2018 14:48
Hounded,On My Side (feat. Savoi),On My Side,23 Mar 2018 14:45
The Him,I Wonder,I Wonder,23 Mar 2018 14:42
silience,Love That We Need,Love That We Need,23 Mar 2018 14:39
Alan Walker,Tired (Kygo Remix),Tired - Kygo Remix,23 Mar 2018 14:35
Wankelmut,Almost Mine (Radio Edit),Almost Mine - Radio Edit,23 Mar 2018 14:32
Freischwimmer,California Dreamin,California Dreamin - Radio Edit,23 Mar 2018 14:29
Topic,Home (feat. Nico Santos) [The Remixes],Home (feat. Nico Santos) - Marcapasos Radio Remix,23 Mar 2018 14:25
James Hersey,Coming Over (Filous Remix),Coming Over - Filous Remix,23 Mar 2018 14:22
Sondr,Live Love Learn,Live Love Learn,23 Mar 2018 14:19
Kygo,First Time,First Time,23 Mar 2018 14:16
Andrelli,Old Man,Old Man,23 Mar 2018 14:12
LittleKings,Part of Me,Part of Me,23 Mar 2018 14:09
Sol Calor,Bloom,Bloom,23 Mar 2018 14:05
Möwe,Skyline,Skyline,23 Mar 2018 14:02
Martin Garrix,In the Name of Love,In the Name of Love,23 Mar 2018 13:50
Simon Valente,Stunnin',Stunnin' - Original Mix,23 Mar 2018 13:46
Stephen Swartz,Bullet Train (feat. Joni Fatora),Bullet Train (feat. Joni Fatora),23 Mar 2018 13:42
Ed Sheeran,Perfect Symphony (Ed Sheeran & Andrea Bocelli),Perfect Symphony (Ed Sheeran & Andrea Bocelli),22 Mar 2018 00:34
Ed Sheeran,Perfect Symphony (Ed Sheeran & Andrea Bocelli),Perfect Symphony (Ed Sheeran & Andrea Bocelli),22 Mar 2018 00:29
Ed Sheeran,Perfect Symphony (Ed Sheeran & Andrea Bocelli),Perfect Symphony (Ed Sheeran & Andrea Bocelli),22 Mar 2018 00:25
Eminem,Curtain Call,Shake That,21 Mar 2018 15:49
Eminem,Relapse,Beautiful,21 Mar 2018 15:42
Eminem,Curtain Call,Mockingbird,21 Mar 2018 09:54
Lily & Madeleine,Come To Me (Ofenbach Remix) [Radio Edit],Come To Me (Ofenbach Remix) - Radio Edit,21 Mar 2018 09:50
Campsite Dream,Crush,Crush,21 Mar 2018 09:47
Bakermat,Living,Living,21 Mar 2018 09:44
The Chainsmokers,Paris,Paris,21 Mar 2018 00:47
Thomas Jack,Rivers (Remixes),Rivers - Sam Feldt & De Hofnar Remix,21 Mar 2018 00:43
Sexion d'Assaut,L'École Des Points Vitaux,Désolé,21 Mar 2018 00:40
AJR,What Everyone's Thinking - EP,Weak,21 Mar 2018 00:36
Eminem,Recovery,Space Bound,21 Mar 2018 00:09
Eminem,Curtain Call,Without Me,21 Mar 2018 00:05
Eminem,Revival,Tragic Endings (feat. Skylar Grey),20 Mar 2018 14:38
Eminem,Revival,Like Home (feat. Alicia Keys),20 Mar 2018 14:35
Lil Skies,Nowadays (feat. Landon Cube),Nowadays (feat. Landon Cube),20 Mar 2018 00:43
Nue,Nightfall,Nightfall,20 Mar 2018 00:39
Post Malone,Stoney,Congratulations,20 Mar 2018 00:05
Aries,Carousel,Carousel,20 Mar 2018 00:02
Lil Skies,Nowadays (feat. Landon Cube),Nowadays (feat. Landon Cube),19 Mar 2018 23:57
Pegboard Nerds,Voodoo,Voodoo,19 Mar 2018 23:52
Eminem,The Marshall Mathers LP2 (Deluxe),Asshole,19 Mar 2018 15:51
Eminem,The Marshall Mathers LP2 (Deluxe),Love Game,19 Mar 2018 15:46
Eminem,The Marshall Mathers LP2 (Deluxe),Headlights,19 Mar 2018 15:40
Eminem,Curtain Call,Sing for the Moment,19 Mar 2018 15:34
Eminem,The Marshall Mathers LP2 (Deluxe),Rap God,19 Mar 2018 15:28
Ludovico Einaudi,Una Mattina,Una Mattina,19 Mar 2018 10:23
Eminem,Curtain Call,When I'm Gone,19 Mar 2018 10:20
Eminem,Recovery,Not Afraid,19 Mar 2018 10:15
Eminem,Recovery,Untitled,19 Mar 2018 10:12
Eminem,The Marshall Mathers LP2 (Deluxe),So Much Better,19 Mar 2018 10:08
Eminem,The Marshall Mathers LP2 (Deluxe),Legacy,19 Mar 2018 10:03
Eminem,Revival,River (feat. Ed Sheeran),19 Mar 2018 09:59
Eminem,Revival,Bad Husband (feat. X Ambassadors),19 Mar 2018 00:46
Eminem,Revival,Like Home (feat. Alicia Keys),19 Mar 2018 00:42
Eminem,Curtain Call,Cleanin' Out My Closet,19 Mar 2018 00:37
Eminem,Recovery,Seduction,19 Mar 2018 00:32
Eminem,Revival,Tragic Endings (feat. Skylar Grey),19 Mar 2018 00:04
Eminem,Recovery,No Love,19 Mar 2018 00:00
Eminem,The Marshall Mathers LP2 (Deluxe),Beautiful Pain,18 Mar 2018 23:56
D-Block & S-te-Fan,Angels & Demons,Angels & Demons,16 Mar 2018 11:12
Deetox,Unstoppable,Unstoppable,16 Mar 2018 11:10
Noisecontrollers,Hardstyle The Ultimate Collection Best Of 2017,The Spirit of Hardstyle - Radio Edit,16 Mar 2018 11:05
Warface,F The Industry,F the Industry,16 Mar 2018 11:02
The Pitcher,Keep It Up,Keep It Up,16 Mar 2018 10:59
Frequencerz,Qlimax 2017 Temple Of Light,Alright,16 Mar 2018 10:54
Bass Modulators,Imagine,Imagine,16 Mar 2018 10:50
Gunz For Hire,Welcome To Death Row,Welcome To Death Row,16 Mar 2018 10:46
Psyko Punkz,Doutzen,Doutzen - Radio Version,16 Mar 2018 10:42
Rejecta,Followed,Followed,16 Mar 2018 10:39
Refuzion,Without You,Without You - Radio Version,16 Mar 2018 10:36
The Prophet,Caramba!,Caramba! - Radio Edit,16 Mar 2018 10:33
Requiem,Take The Hit,Take The Hit - Original Edit,16 Mar 2018 10:31
Radical Redemption,Brutal 6.0,Brutal 6.0 - Radio Edit,16 Mar 2018 10:28
Phuture Noize,The Aftershock EP,The Aftershock,16 Mar 2018 10:24
Act of Rage,Sabotage,Let The Games Begin,16 Mar 2018 10:19
Killshot,Beastmode,Beastmode - Radio Edit,16 Mar 2018 10:15
Project One,EP I,Luminosity,16 Mar 2018 10:11
Phuture Noize,Anthem Of Freedom (Qapital Anthem 2018),Anthem Of Freedom (Qapital Anthem 2018),16 Mar 2018 10:07
Clockartz,The Art of Being One,The Art Of Being One,16 Mar 2018 10:04
Psyko Punkz,Hardstyle Top 100 - Best Of 2017,Play The Drum - Radio Edit,16 Mar 2018 10:00
Phuture Noize,Hardstyle The Ultimate Collection Best Of 2017,Fire - Radio Edit,16 Mar 2018 09:57
Headhunterz,Hardstyle Top 100 - Best Of 2017,Destiny - Edit,16 Mar 2018 09:54
TheFatRat,The Calling (Da Tweekaz Remix),The Calling (Da Tweekaz Remix),16 Mar 2018 09:50
Ran-D,Firestarter,Firestarter - Radio Edit,16 Mar 2018 09:45
Frequencerz,Renegades,Renegades,16 Mar 2018 09:40
Phuture Noize,Pursuit of Thunder,King Of The Jungle,16 Mar 2018 09:36
Cyber,Union,Union - Radio Version,16 Mar 2018 09:34
Physika,The Huntsman,The Huntsman,16 Mar 2018 09:29
Radical Redemption,The Road To Redemption (Radio Edits),America - Radio Edit,16 Mar 2018 09:26
Headhunterz,The Return Of Headhunterz,Path Of The Hunter,16 Mar 2018 09:20
Headhunterz,The Return Of Headhunterz,Still Standin',16 Mar 2018 09:16
Headhunterz,The Return Of Headhunterz,Takin' It Back,16 Mar 2018 09:12
Nils Frahm,Wintermusik,Ambre,16 Mar 2018 03:05
Franz Berwald,BERWALD: Symphonies Nos. 3 and 4 / Piano Concerto,Symphony No. 3 In C Major Sinfonie Singuliere: I. Allegro Fuocoso,16 Mar 2018 02:53
Phildel,Qi,QI,16 Mar 2018 02:48
Ludovico Einaudi,Una Mattina,Una Mattina,16 Mar 2018 02:44
Fabrizio Paterlini,The Art of the Piano,My Piano The Clouds,16 Mar 2018 02:42
Johannes Bornlof,The Boy Who Flew Away,A Land Above the Clouds,16 Mar 2018 02:39
Maxence Cyrin,Nocturnes (Solo Piano),The Frozen Palace,16 Mar 2018 02:36
Yann Tiersen,Amelie From Montmartre (Original SoundTrack),Comptine d'un autre été L'Après-midi,16 Mar 2018 02:34
Akira Kosemura,how my heart sings,fleur,16 Mar 2018 02:11
James Horner,A Beautiful Mind (Soundtrack),Saying Goodbye To Those You So Love - A Beautiful Mind/Soundtrack Version,16 Mar 2018 02:02
Nils Frahm,Wintermusik,Ambre,16 Mar 2018 01:59
Fabrizio Paterlini,The Art of the Piano,My Piano The Clouds,15 Mar 2018 19:04
Johannes Bornlof,The Boy Who Flew Away,A Land Above the Clouds,15 Mar 2018 19:02
Phildel,Qi,QI,15 Mar 2018 18:57
Ludovico Einaudi,Una Mattina,Una Mattina,15 Mar 2018 18:53
Yann Tiersen,Amelie From Montmartre (Original SoundTrack),Comptine d'un autre été L'Après-midi,15 Mar 2018 18:51
Akira Kosemura,how my heart sings,fleur,15 Mar 2018 18:48
Maxence Cyrin,Nocturnes (Solo Piano),The Frozen Palace,15 Mar 2018 18:45
Nils Frahm,Wintermusik,Ambre,15 Mar 2018 18:41
James Horner,A Beautiful Mind (Soundtrack),Saying Goodbye To Those You So Love - A Beautiful Mind/Soundtrack Version,15 Mar 2018 18:35
Ludovico Einaudi,Una Mattina,Una Mattina,15 Mar 2018 18:32
Yann Tiersen,Amelie From Montmartre (Original SoundTrack),Comptine d'un autre été L'Après-midi,15 Mar 2018 18:30
Akira Kosemura,how my heart sings,fleur,15 Mar 2018 18:27
D-Block & S-te-Fan,Angels & Demons,Angels & Demons,15 Mar 2018 18:22
Ran-D,Slam! Hardstyle vol. 16,Zombie - Radio Edit,15 Mar 2018 18:17
Subsonic,M.F. Psycho,M.F. Psycho - Edit,15 Mar 2018 18:13
Deetox,Unstoppable,Unstoppable,15 Mar 2018 18:11
Noisecontrollers,Hardstyle The Ultimate Collection Best Of 2017,The Spirit of Hardstyle - Radio Edit,15 Mar 2018 18:06
Ransom,Pussy Lounge 2016,Fistpumpin' - Edit,15 Mar 2018 18:03
The Pitcher,Keep It Up,Keep It Up,15 Mar 2018 18:01
Phuture Noize,The Aftershock EP,The Aftershock,15 Mar 2018 17:57
Gunz For Hire,Executioner Style,Executioner Style - Radio Edit,15 Mar 2018 17:53
KELTEK,Hardstyle Top 100 - 2017,Down To Earth - Radio Edit,15 Mar 2018 17:48
Deadly Guns,The Gunshow,Power Of Truth,15 Mar 2018 17:44
The Prophet,Caramba!,Caramba! - Radio Edit,15 Mar 2018 17:42
Frequencerz,Qlimax 2017 Temple Of Light,Alright,15 Mar 2018 17:37
Coone,Young Gifted & Proud (The Qontinent Anthem 2017),Young Gifted & Proud (The Qontinent Anthem 2017),15 Mar 2018 17:34
Warface,F The Industry,F the Industry,15 Mar 2018 17:30
Clockartz,The Art of Being One,The Art Of Being One,15 Mar 2018 17:26
Act of Rage,Sabotage,Let The Games Begin,15 Mar 2018 17:22
Rejecta,Followed,Followed,15 Mar 2018 17:19
The Pitcher,Keep It Up,Keep It Up,15 Mar 2018 17:16
Phuture Noize,Anthem Of Freedom (Qapital Anthem 2018),Anthem Of Freedom (Qapital Anthem 2018),15 Mar 2018 17:12
Maxence Cyrin,Nocturnes (Solo Piano),The Frozen Palace,15 Mar 2018 17:07
Fabrizio Paterlini,The Art of the Piano,My Piano The Clouds,15 Mar 2018 17:04
James Horner,A Beautiful Mind (Soundtrack),Saying Goodbye To Those You So Love - A Beautiful Mind/Soundtrack Version,15 Mar 2018 16:58
Nils Frahm,Wintermusik,Ambre,15 Mar 2018 16:54
TheFatRat,The Calling (Da Tweekaz Remix),The Calling (Da Tweekaz Remix),15 Mar 2018 15:58
Scarphase,Phase One,Enter The Snakepit (Official Snakepit 2016 Anthem) - Radio Edit,15 Mar 2018 15:56
Phuture Noize,Pursuit of Thunder,King Of The Jungle,15 Mar 2018 15:52
Headhunterz,Hardstyle Top 100 - Best Of 2017,Destiny - Edit,15 Mar 2018 15:49
Phuture Noize,Hardstyle The Ultimate Collection Best Of 2017,Fire - Radio Edit,15 Mar 2018 15:46
Killshot,Beastmode,Beastmode - Radio Edit,15 Mar 2018 15:42
Rejecta,Followed,Followed,15 Mar 2018 15:39
Act of Rage,Sabotage,Let The Games Begin,15 Mar 2018 15:35
Project One,EP I,Luminosity,15 Mar 2018 15:32
Tatanka,Afrika E.P.,Afrika - Original Mix,15 Mar 2018 15:26
Ran-D,Firestarter,Firestarter - Radio Edit,15 Mar 2018 15:21
Radical Redemption,Brutal 6.0,Brutal 6.0 - Radio Edit,15 Mar 2018 15:17
Ran-D,Slam! Hardstyle vol. 16,Zombie - Radio Edit,15 Mar 2018 15:12
Ran-D,Suicidal Superstar,Suicidal Superstar,15 Mar 2018 15:09
Requiem,Take The Hit,Take The Hit - Original Edit,15 Mar 2018 09:25
Noisecontrollers,Hardstyle The Ultimate Collection Best Of 2017,The Spirit of Hardstyle - Radio Edit,15 Mar 2018 09:21
Cyber,Union,Union - Radio Version,15 Mar 2018 09:18
Refuzion,Without You,Without You - Radio Version,15 Mar 2018 09:15
Physika,The Huntsman,The Huntsman,15 Mar 2018 09:10
Minus Militia,Gas D'r Op (Militant Edit),Gas D'r Op - Militant Edit,15 Mar 2018 09:08
Psyko Punkz,Qlimax 2016 Rise Of The Celestials,Spaceship - Radio Edit,15 Mar 2018 09:04
B-Freqz,Medium Rare,In The Club,15 Mar 2018 09:01
Bass Modulators,Imagine,Imagine,15 Mar 2018 08:57
Deadly Guns,The Gunshow,Power Of Truth,15 Mar 2018 08:53
Phuture Noize,Anthem Of Freedom (Qapital Anthem 2018),Anthem Of Freedom (Qapital Anthem 2018),15 Mar 2018 08:49
Phuture Noize,Anthem Of Freedom (Qapital Anthem 2018),Anthem Of Freedom (Qapital Anthem 2018),15 Mar 2018 08:45
Phuture Noize,Anthem Of Freedom (Qapital Anthem 2018),Anthem Of Freedom (Qapital Anthem 2018),15 Mar 2018 08:41
Phuture Noize,Anthem Of Freedom (Qapital Anthem 2018),Anthem Of Freedom (Qapital Anthem 2018),15 Mar 2018 08:37
Phuture Noize,Anthem Of Freedom (Qapital Anthem 2018),Anthem Of Freedom (Qapital Anthem 2018),15 Mar 2018 08:33
Phuture Noize,Anthem Of Freedom (Qapital Anthem 2018),Anthem Of Freedom (Qapital Anthem 2018),15 Mar 2018 08:29
Phuture Noize,Anthem Of Freedom (Qapital Anthem 2018),Anthem Of Freedom (Qapital Anthem 2018),15 Mar 2018 08:25
Phuture Noize,Anthem Of Freedom (Qapital Anthem 2018),Anthem Of Freedom (Qapital Anthem 2018),15 Mar 2018 08:21
Phuture Noize,Anthem Of Freedom (Qapital Anthem 2018),Anthem Of Freedom (Qapital Anthem 2018),15 Mar 2018 08:17
Phuture Noize,Anthem Of Freedom (Qapital Anthem 2018),Anthem Of Freedom (Qapital Anthem 2018),15 Mar 2018 08:13
Gunz For Hire,Welcome To Death Row,Welcome To Death Row,15 Mar 2018 08:08
Phuture Noize,Anthem Of Freedom (Qapital Anthem 2018),Anthem Of Freedom (Qapital Anthem 2018),15 Mar 2018 08:04
Phuture Noize,Anthem Of Freedom (Qapital Anthem 2018),Anthem Of Freedom (Qapital Anthem 2018),15 Mar 2018 08:00
Radical Redemption,The Road To Redemption (Radio Edits),America - Radio Edit,15 Mar 2018 07:56
Gunz For Hire,Qlimax 2016 Rise Of The Celestials,No Mercy - Radio Edit,15 Mar 2018 07:52
Gunz For Hire,Hardstyle The Ultimate Collection Best Of 2017,Armed & Dangerous - Radio Edit,15 Mar 2018 07:48
Chemical Soldiers,FearTheGear Podcast 002,Cosmos,15 Mar 2018 07:45
KELTEK,Hardstyle Top 100 - 2017,Down To Earth - Radio Edit,15 Mar 2018 07:41
Phildel,Qi,QI,15 Mar 2018 02:17
Ludovico Einaudi,Una Mattina,Una Mattina,15 Mar 2018 02:14
Akira Kosemura,how my heart sings,fleur,15 Mar 2018 02:11
Yann Tiersen,Amelie From Montmartre (Original SoundTrack),Comptine d'un autre été L'Après-midi,15 Mar 2018 02:09
Franz Berwald,BERWALD: Symphonies Nos. 3 and 4 / Piano Concerto,Symphony No. 3 In C Major Sinfonie Singuliere: I. Allegro Fuocoso,15 Mar 2018 01:57
Maxence Cyrin,Nocturnes (Solo Piano),The Frozen Palace,15 Mar 2018 01:54
Deetox,Unstoppable,Unstoppable,15 Mar 2018 01:17
The Pitcher,Keep It Up,Keep It Up,15 Mar 2018 01:14
Lil Skies,Red Roses (feat. Landon Cube),Red Roses (Feat. Landon Cube),15 Mar 2018 01:09
Lil Skies,Nowadays (feat. Landon Cube),Nowadays (feat. Landon Cube),15 Mar 2018 01:05
Nue,Nightfall,Nightfall,15 Mar 2018 01:01
Kodak Black,Project Baby 2,Roll in Peace (feat. XXXTENTACION),15 Mar 2018 00:58
Aries,Carousel,Carousel,15 Mar 2018 00:55
Drake,Scary Hours,God's Plan,15 Mar 2018 00:52
Post Malone,Stoney,Congratulations,15 Mar 2018 00:48
Lil Skies,Red Roses (feat. Landon Cube),Red Roses (Feat. Landon Cube),15 Mar 2018 00:44
Lil Skies,Nowadays (feat. Landon Cube),Nowadays (feat. Landon Cube),15 Mar 2018 00:41
Nue,Nightfall,Nightfall,15 Mar 2018 00:37
Kodak Black,Project Baby 2,Roll in Peace (feat. XXXTENTACION),15 Mar 2018 00:34
Aries,Carousel,Carousel,15 Mar 2018 00:31
Dr Peacock,This Life Is Lost,This Life Is Lost - Original Mix,15 Mar 2018 00:24
Dr Peacock,Trip Around The World,Trip to Amerika - Remastered,15 Mar 2018 00:20
Dr Peacock,Trip Around The World,Trip to Saudi Arabia,15 Mar 2018 00:15
Deathroar,Rising Sun,Going Wild,15 Mar 2018 00:10
Dr Peacock,Trip Around The World,Trip to Ireland,15 Mar 2018 00:06
Dr Peacock,Frenchcore Worldwide 04,Trip to Mongolia,15 Mar 2018 00:03
Ran-D,Band Of Brothers,Band Of Brothers,15 Mar 2018 00:00
B-Freqz,Beyond Reality,Freedom,14 Mar 2018 23:54
Phuture Noize,Anthem Of Freedom (Qapital Anthem 2018),Anthem Of Freedom (Qapital Anthem 2018),14 Mar 2018 23:42
Psyko Punkz,Doutzen,Doutzen - Radio Version,14 Mar 2018 23:39
Drake,Scary Hours,God's Plan,14 Mar 2018 23:35
Phildel,Qi,QI,14 Mar 2018 23:31
Nils Frahm,Wintermusik,Ambre,14 Mar 2018 23:28
Franz Berwald,BERWALD: Symphonies Nos. 3 and 4 / Piano Concerto,Symphony No. 3 In C Major Sinfonie Singuliere: I. Allegro Fuocoso,14 Mar 2018 23:16
Yann Tiersen,Amelie From Montmartre (Original SoundTrack),Comptine d'un autre été L'Après-midi,14 Mar 2018 23:14
James Horner,A Beautiful Mind (Soundtrack),Saying Goodbye To Those You So Love - A Beautiful Mind/Soundtrack Version,14 Mar 2018 23:07
Ludovico Einaudi,Una Mattina,Una Mattina,14 Mar 2018 23:04
Maxence Cyrin,Nocturnes (Solo Piano),The Frozen Palace,14 Mar 2018 23:01
Akira Kosemura,how my heart sings,fleur,14 Mar 2018 22:58
Fabrizio Paterlini,The Art of the Piano,My Piano The Clouds,14 Mar 2018 22:55
Johannes Bornlof,The Boy Who Flew Away,A Land Above the Clouds,14 Mar 2018 22:53
Phildel,Qi,QI,14 Mar 2018 22:47
Nils Frahm,Wintermusik,Ambre,14 Mar 2018 22:45
Phildel,Qi,QI,14 Mar 2018 22:39
Max Richter,The Blue Notebooks,Vladimir's Blues,14 Mar 2018 22:38
Mélanie Laurent,En t'attendant,Début,14 Mar 2018 22:36
Yann Tiersen,Amelie From Montmartre (Original SoundTrack),Comptine d'un autre été L'Après-midi,14 Mar 2018 22:33
Ludovico Einaudi,Una Mattina,Una Mattina,14 Mar 2018 22:30
The Prophet,Caramba!,Caramba! - Radio Edit,14 Mar 2018 22:27
Warface,F The Industry,F the Industry,14 Mar 2018 22:23
Frequencerz,Qlimax 2017 Temple Of Light,Alright,14 Mar 2018 22:19
Catscan,Bass Fusion 10 Years (100% Hardcore),Chronic Counter,14 Mar 2018 22:15
Eminem,The Marshall Mathers LP2 (Deluxe),Rap God,14 Mar 2018 17:01
Eminem,Recovery,Space Bound,14 Mar 2018 16:56
Eminem,Curtain Call,Stan,14 Mar 2018 16:50
Eminem,Revival,Tragic Endings (feat. Skylar Grey),14 Mar 2018 16:44
Eminem,The Marshall Mathers LP2 (Deluxe),Headlights,14 Mar 2018 16:38
Eminem,Revival,Nowhere Fast (feat. Kehlani),14 Mar 2018 16:34
Eminem,The Eminem Show (Explicit Version),White America,14 Mar 2018 16:28
Eminem,Curtain Call,Like Toy Soldiers,14 Mar 2018 16:24
Eminem,The Eminem Show (Explicit Version),'Till I Collapse,14 Mar 2018 16:19
Titan,Hooligan,Hooligan,14 Mar 2018 14:33
Chain Reaction,Abandon (Radio Edit),Abandon - Radio Edit,14 Mar 2018 14:30
Ran-D,The Remix EP,The New Shit (Bass Chaserz Remix),14 Mar 2018 14:20
Deepack,Unite,Unite,14 Mar 2018 14:15
Alpha²,Forget the Bullshit (Radio Edit),Forget The Bullshit - Radio Edit,14 Mar 2018 14:13
Dj Stephanie,Pink Beats,I'm Alive,14 Mar 2018 14:09
Angerfist,Creed Of Chaos,Creed of Chaos - Official Anthem,14 Mar 2018 14:06
Technoboy,1998,1998 - Extended version,14 Mar 2018 14:02
Rooler,Survive The Street,Survive The Street - Radio Mix,14 Mar 2018 13:59
G-Town Madness,The Qontinent 2017,Come As One (Brennan Heart Remix),14 Mar 2018 13:53
AMENTIS,Defiance,Defiance,14 Mar 2018 13:49
Outblast,Die Hard (Radio Edit),Die Hard - Radio Edit,14 Mar 2018 13:43
Prefix & Density,One Of Us,One Of Us,14 Mar 2018 13:40
Noiseshock,Echoes,Echoes,14 Mar 2018 13:36
Outtacontrol,Isolated,Isolated,14 Mar 2018 13:32
Dj Mad Dog,Till I Die Vol.1 (Radio Edits),Maze of Martyr - Official Dominator Anthem 2017 Radio Edit,14 Mar 2018 13:27
Apexx,AK-47,AK-47,14 Mar 2018 13:24
Pulsatorz,Surge,Surge,14 Mar 2018 13:20
Tweekacore,Partystarter,Partystarter (Da Tweekaz Mix),14 Mar 2018 13:16
Omegatypez,Dirty Style (Faizar Remix),Dirty Style - Faizar Remix,14 Mar 2018 13:05
X-Pander,Street Revolution,Street Revolution,14 Mar 2018 13:02
Donkey Rollers,15 Years of Hardstyle,Human Enemy,14 Mar 2018 12:58
Stereotuners,The Graveyard Shift,The Graveyard Shift,14 Mar 2018 12:55
Cyber,Union,Union - Radio Version,14 Mar 2018 10:33
Warface,F The Industry,F the Industry,14 Mar 2018 10:29
Donkey Rollers,15 Years of Hardstyle,What We Are,14 Mar 2018 09:59
Devin Wild,Meltdown,Meltdown,14 Mar 2018 09:55
Da Tweekaz,How Far I'll Go,How Far I'll Go,14 Mar 2018 09:51
Max Enforcer,WKND,WKND - Edit,14 Mar 2018 09:47
Psyko Punkz,Qlimax 2016 Rise Of The Celestials,Spaceship - Radio Edit,14 Mar 2018 09:41
Ran-D,Firestarter,Firestarter - Radio Edit,14 Mar 2018 09:36
Requiem,Take The Hit,Take The Hit - Original Edit,14 Mar 2018 09:34
Headhunterz,The Return Of Headhunterz,Rescue Me,14 Mar 2018 09:30
Radical Redemption,The Road To Redemption (Radio Edits),America - Radio Edit,14 Mar 2018 09:27
Coone,Less Is More,Faye,14 Mar 2018 09:23
The Prophet,Caramba! (The Prophet's Hardcore Tequila Mix),Caramba! (The Prophet's Hardcore Tequila Mix),14 Mar 2018 09:21
Act of Rage,Sabotage,Let The Games Begin,14 Mar 2018 09:17
Bass Chaserz,Oh Yeah Boom,Oh Yeah Boom,14 Mar 2018 09:13
Gunz For Hire,I'm A Criminal,I'm A Criminal - Radio Edit,14 Mar 2018 09:08
Luminite,Behind Enemy Lines,Extraterrestrial Science,14 Mar 2018 09:04
Phuture Noize,Pursuit of Thunder,I Got Noize,14 Mar 2018 09:00
Atmozfears,Derailed Traxx Grey vs Concept Art,Reawakening - Radio Edit,14 Mar 2018 08:57
Post Malone,Stoney,Congratulations,14 Mar 2018 08:46
Lil Skies,Nowadays (feat. Landon Cube),Nowadays (feat. Landon Cube),14 Mar 2018 08:43
Kodak Black,Project Baby 2,Roll in Peace (feat. XXXTENTACION),14 Mar 2018 08:39
Lil Skies,Red Roses (feat. Landon Cube),Red Roses (Feat. Landon Cube),14 Mar 2018 08:35
Aries,Carousel,Carousel,14 Mar 2018 08:32
Nue,Nightfall,Nightfall,14 Mar 2018 08:29
Post Malone,Stoney,Congratulations,14 Mar 2018 08:25
Eminem,Revival,Tragic Endings (feat. Skylar Grey),14 Mar 2018 08:20
Eminem,The Marshall Mathers LP2 (Deluxe),Headlights,14 Mar 2018 08:14
Eminem,Revival,Nowhere Fast (feat. Kehlani),14 Mar 2018 08:10
Eminem,The Eminem Show (Explicit Version),White America,14 Mar 2018 08:04
Eminem,Curtain Call,Like Toy Soldiers,14 Mar 2018 08:00
Eminem,The Eminem Show (Explicit Version),'Till I Collapse,14 Mar 2018 07:55
Eminem,The Eminem Show (Explicit Version),Say Goodbye Hollywood,14 Mar 2018 07:41
Eminem,Recovery,Going Through Changes,14 Mar 2018 07:36
Eminem,The Marshall Mathers LP2 (Deluxe),So Much Better,14 Mar 2018 07:32
Eminem,Curtain Call,The Way I Am,14 Mar 2018 07:27
Eminem,Recovery,Love The Way You Lie,14 Mar 2018 07:23
Eminem,Curtain Call,Mockingbird,14 Mar 2018 07:19
Eminem,The Marshall Mathers LP2 (Deluxe),Stronger than I Was,14 Mar 2018 07:13
Eminem,Relapse,Beautiful,14 Mar 2018 07:07
Eminem,The Marshall Mathers LP2 (Deluxe),Asshole,14 Mar 2018 07:02
Eminem,Curtain Call,When I'm Gone,14 Mar 2018 06:57
Eminem,The Marshall Mathers LP2 (Deluxe),Love Game,14 Mar 2018 06:53
Eminem,Curtain Call,Sing for the Moment,14 Mar 2018 06:47
Eminem,Recovery,No Love,14 Mar 2018 06:42
Eminem,Recovery,Untitled,14 Mar 2018 06:39
Eminem,Recovery,Seduction,14 Mar 2018 06:34
Eminem,Revival,River (feat. Ed Sheeran),14 Mar 2018 06:31
Eminem,The Marshall Mathers LP2 (Deluxe),Beautiful Pain,14 Mar 2018 06:16
Eminem,Curtain Call,Cleanin' Out My Closet,14 Mar 2018 06:11
Eminem,The Marshall Mathers LP2 (Deluxe),Rhyme or Reason,14 Mar 2018 06:06
Eminem,Revival,Bad Husband (feat. X Ambassadors),14 Mar 2018 06:02
Eminem,Recovery,Cinderella Man,14 Mar 2018 05:57
Eminem,Curtain Call,Without Me,14 Mar 2018 05:52
Eminem,Curtain Call,Shake That,14 Mar 2018 05:48
Eminem,Curtain Call,Lose Yourself - Soundtrack Version,14 Mar 2018 00:38
Eminem,Revival,Like Home (feat. Alicia Keys),14 Mar 2018 00:34
Eminem,Curtain Call,The Real Slim Shady,14 Mar 2018 00:30
Eminem,The Marshall Mathers LP2 (Deluxe),Legacy,14 Mar 2018 00:25
Eminem,Recovery,Not Afraid,14 Mar 2018 00:21
Eminem,The Marshall Mathers LP2 (Deluxe),Rap God,14 Mar 2018 00:15
Eminem,Recovery,Space Bound,13 Mar 2018 23:53
Eminem,Curtain Call,Stan,13 Mar 2018 23:40
Scarphase,Phase One,Enter The Snakepit (Official Snakepit 2016 Anthem) - Radio Edit,13 Mar 2018 22:37
The Pitcher,Keep It Up,Keep It Up,13 Mar 2018 22:34
The Pitcher,Keep It Up,Keep It Up,13 Mar 2018 22:31
The Pitcher,Keep It Up,Keep It Up,13 Mar 2018 19:20
Scarphase,Phase One,Enter The Snakepit (Official Snakepit 2016 Anthem) - Radio Edit,13 Mar 2018 19:18
The Pitcher,Keep It Up,Keep It Up,13 Mar 2018 19:15
The Pitcher,Keep It Up,Keep It Up,13 Mar 2018 18:37
Eminem,Revival,Nowhere Fast (feat. Kehlani),13 Mar 2018 15:22
Eminem,Revival,Tragic Endings (feat. Skylar Grey),13 Mar 2018 15:18
Eminem,Curtain Call,Like Toy Soldiers,13 Mar 2018 15:13
Eminem,The Marshall Mathers LP2 (Deluxe),Headlights,13 Mar 2018 15:08
Eminem,The Marshall Mathers LP2 (Deluxe),So Much Better,13 Mar 2018 14:38
Eminem,Recovery,Going Through Changes,13 Mar 2018 14:33
Eminem,The Eminem Show (Explicit Version),White America,13 Mar 2018 14:28
Eminem,The Eminem Show (Explicit Version),'Till I Collapse,13 Mar 2018 14:23
Ran-D,Firestarter,Firestarter - Radio Edit,13 Mar 2018 07:38
D.R.S.,Party & Bullshit EP,Overdose - Original Mix,13 Mar 2018 07:34
Rejecta,Followed,Followed,13 Mar 2018 07:30
Frequencerz,Renegades,Renegades,13 Mar 2018 07:26
Killshot,Beastmode,Beastmode - Radio Edit,13 Mar 2018 07:22
Ran-D,Slam! Hardstyle vol. 16,Zombie - Radio Edit,13 Mar 2018 07:17
Ran-D,Suicidal Superstar,Suicidal Superstar,13 Mar 2018 07:14
Act of Rage,Sabotage,Let The Games Begin,13 Mar 2018 07:10
Noisecontrollers,Hardstyle The Ultimate Collection Best Of 2017,The Spirit of Hardstyle - Radio Edit,13 Mar 2018 07:05
Headhunterz,Hardstyle Top 100 - Best Of 2017,Destiny - Edit,13 Mar 2018 07:02
The Pitcher,Keep It Up,Keep It Up,13 Mar 2018 06:59
Cyber,Union,Union - Radio Version,13 Mar 2018 06:58
Phuture Noize,Hardstyle The Ultimate Collection Best Of 2017,Fire - Radio Edit,13 Mar 2018 06:54
Phuture Noize,Anthem Of Freedom (Qapital Anthem 2018),Anthem Of Freedom (Qapital Anthem 2018),13 Mar 2018 06:50
Coone,Less Is More,Faye,13 Mar 2018 06:47
Refuzion,Without You,Without You - Radio Version,13 Mar 2018 06:43
Phuture Noize,Pursuit of Thunder,Fire,13 Mar 2018 06:40
Clockartz,In The Army,In The Army,13 Mar 2018 06:37
Requiem,Take The Hit,Take The Hit - Original Edit,13 Mar 2018 06:35
Project One,EP I,Luminosity,13 Mar 2018 06:32
Warface,Wakin' Up,Wakin' Up - Radio Edit,13 Mar 2018 06:28
Audiofreq,Hard Bass 2017,Audiofile.001 - Mix Cut,13 Mar 2018 06:26
Krowdexx,The Sky Is Falling (Radio Mix),The Sky Is Falling - Radio Mix,13 Mar 2018 06:22
Luminite,Behind Enemy Lines,Extraterrestrial Science,13 Mar 2018 06:18
Psyko Punkz,Qlimax 2016 Rise Of The Celestials,Spaceship - Radio Edit,13 Mar 2018 06:14
Wasted Penguinz,Euphoria,Euphoria,13 Mar 2018 06:10
B-Freqz,Medium Rare,In The Club,13 Mar 2018 06:06
Gunz For Hire,A Storm is Coming,A Storm Is Coming - Radio Edit,13 Mar 2018 06:02
Donkey Rollers,15 Years of Hardstyle,What We Are,12 Mar 2018 23:55
Zany,Until the End,Until the End,12 Mar 2018 23:53
Radical Redemption,Brutal 6.0,Brutal 6.0 - Radio Edit,12 Mar 2018 23:50
War Force,Face The Force,Devastation,12 Mar 2018 23:46
Headhunterz,The Return Of Headhunterz,No One Can Stop Us Now,12 Mar 2018 23:42
Subsonic,M.F. Psycho,M.F. Psycho - Edit,12 Mar 2018 23:39
Bass Modulators,Imagine,Imagine,12 Mar 2018 23:35
Malice,Aggressive Acts,Aggressive Acts - Original Mix,12 Mar 2018 23:30
D-Block & S-te-Fan,Angels & Demons,Angels & Demons,12 Mar 2018 23:27
Phuture Noize,Pursuit of Thunder,Human Machinery,12 Mar 2018 23:05
Gunz For Hire,Qlimax 2016 Rise Of The Celestials,No Mercy - Radio Edit,12 Mar 2018 23:01
Minus Militia,Gas D'r Op (Militant Edit),Gas D'r Op - Militant Edit,12 Mar 2018 22:59
Gunz For Hire,Executioner Style,Executioner Style - Radio Edit,12 Mar 2018 22:55
Phuture Noize,The Aftershock EP,The Aftershock,12 Mar 2018 22:51
Deadly Guns,The Gunshow,Power Of Truth,12 Mar 2018 22:49
The Pitcher,Keep It Up,Keep It Up,12 Mar 2018 22:45
The Pitcher,Keep It Up,Keep It Up,12 Mar 2018 22:42
The Pitcher,Keep It Up,Keep It Up,12 Mar 2018 22:39
No Mondays,Start Of Me,Start Of Me,12 Mar 2018 22:37
No Mondays,Start Of Me,Start Of Me,12 Mar 2018 22:34
The Pitcher,Keep It Up,Keep It Up,12 Mar 2018 17:56
Gunz For Hire,Hardstyle The Ultimate Collection Best Of 2017,Armed & Dangerous - Radio Edit,12 Mar 2018 16:53
Scarphase,Phase One,Enter The Snakepit (Official Snakepit 2016 Anthem) - Radio Edit,12 Mar 2018 16:49
KELTEK,Hardstyle Top 100 - 2017,Down To Earth - Radio Edit,12 Mar 2018 16:41
TheFatRat,The Calling (Da Tweekaz Remix),The Calling (Da Tweekaz Remix),12 Mar 2018 16:38
The Pitcher,Keep It Up,Keep It Up,12 Mar 2018 16:35
The Pitcher,Keep It Up,Keep It Up,12 Mar 2018 16:32
Clockartz,The Art of Being One,The Art Of Being One,12 Mar 2018 16:19
Rejecta,Followed,Followed,12 Mar 2018 16:15
Radical Redemption,The Road To Redemption (Radio Edits),America - Radio Edit,12 Mar 2018 15:55
Gunz For Hire,Welcome To Death Row,Welcome To Death Row,12 Mar 2018 15:50
Ran-D,Suicidal Superstar,Suicidal Superstar,12 Mar 2018 15:47
Ran-D,Firestarter,Firestarter - Radio Edit,12 Mar 2018 15:42
Frequencerz,Renegades,Renegades,12 Mar 2018 15:37
Clockartz,The Art of Being One,The Art Of Being One,12 Mar 2018 15:33
The Pitcher,Keep It Up,Keep It Up,12 Mar 2018 15:27
Scarphase,Phase One,Enter The Snakepit (Official Snakepit 2016 Anthem) - Radio Edit,12 Mar 2018 15:17
Psyko Punkz,Qlimax 2016 Rise Of The Celestials,Spaceship - Radio Edit,12 Mar 2018 15:14
Gunz For Hire,Executioner Style,Executioner Style - Radio Edit,12 Mar 2018 15:10
The Pitcher,Keep It Up,Keep It Up,12 Mar 2018 15:07
Nue,Nightfall,Nightfall,12 Mar 2018 15:04
Aries,Carousel,Carousel,12 Mar 2018 15:01
Lil Skies,Nowadays (feat. Landon Cube),Nowadays (feat. Landon Cube),12 Mar 2018 14:58
Cyber,Union,Union - Radio Version,12 Mar 2018 14:55
Headhunterz,Hardstyle Top 100 - Best Of 2017,Destiny - Edit,12 Mar 2018 14:52
Refuzion,Without You,Without You - Radio Version,12 Mar 2018 14:49
Gunz For Hire,Hardstyle The Ultimate Collection Best Of 2017,Armed & Dangerous - Radio Edit,12 Mar 2018 14:45
Phuture Noize,Pursuit of Thunder,King Of The Jungle,12 Mar 2018 14:41
Subsonic,M.F. Psycho,M.F. Psycho - Edit,12 Mar 2018 14:38
Phuture Noize,Hardstyle The Ultimate Collection Best Of 2017,Fire - Radio Edit,12 Mar 2018 14:35
KELTEK,Hardstyle Top 100 - 2017,Down To Earth - Radio Edit,12 Mar 2018 14:06
Ransom,Pussy Lounge 2016,Fistpumpin' - Edit,12 Mar 2018 14:03
B-Freqz,Medium Rare,In The Club,12 Mar 2018 14:00
Bass Modulators,Imagine,Imagine,12 Mar 2018 13:56
D-Block & S-te-Fan,Angels & Demons,Angels & Demons,12 Mar 2018 13:53
Phuture Noize,The Aftershock EP,The Aftershock,12 Mar 2018 13:49
Gunz For Hire,Welcome To Death Row,Welcome To Death Row,12 Mar 2018 13:44
Clockartz,The Art of Being One,The Art Of Being One,12 Mar 2018 13:41
Ran-D,Firestarter,Firestarter - Radio Edit,12 Mar 2018 13:36
Radical Redemption,The Road To Redemption (Radio Edits),America - Radio Edit,12 Mar 2018 13:32
Rejecta,Followed,Followed,12 Mar 2018 13:29
Frequencerz,Renegades,Renegades,12 Mar 2018 13:24
Ran-D,Suicidal Superstar,Suicidal Superstar,12 Mar 2018 13:21
The Pitcher,Keep It Up,Keep It Up,12 Mar 2018 13:18
Post Malone,Stoney,Congratulations,12 Mar 2018 12:28
Nue,Nightfall,Nightfall,12 Mar 2018 11:43
Kodak Black,Project Baby 2,Roll in Peace (feat. XXXTENTACION),12 Mar 2018 07:37
The Pitcher,Keep It Up,Keep It Up,12 Mar 2018 07:15
Rejecta,Followed,Followed,12 Mar 2018 07:13
The Pitcher,Keep It Up,Keep It Up,12 Mar 2018 07:10
Rejecta,Followed,Followed,12 Mar 2018 07:08
The Pitcher,Keep It Up,Keep It Up,12 Mar 2018 07:05
Phuture Noize,The Aftershock EP,The Aftershock,12 Mar 2018 07:00
Ransom,Pussy Lounge 2016,Fistpumpin' - Edit,12 Mar 2018 06:58
Deadly Guns,The Gunshow,Power Of Truth,12 Mar 2018 06:54
Requiem,Take The Hit,Take The Hit - Original Edit,12 Mar 2018 06:52
Killshot,Beastmode,Beastmode - Radio Edit,12 Mar 2018 06:49
D.R.S.,Party & Bullshit EP,Overdose - Original Mix,12 Mar 2018 06:45
Tatanka,Afrika E.P.,Afrika - Original Mix,12 Mar 2018 06:39
Subsonic,M.F. Psycho,M.F. Psycho - Edit,12 Mar 2018 06:36
The Pitcher,Keep It Up,Keep It Up,12 Mar 2018 06:33
The Pitcher,Keep It Up,Keep It Up,12 Mar 2018 06:26
B-Freqz,Medium Rare,In The Club,12 Mar 2018 06:23
Refuzion,Without You,Without You - Radio Version,12 Mar 2018 06:21
Noisecontrollers,Hardstyle The Ultimate Collection Best Of 2017,The Spirit of Hardstyle - Radio Edit,12 Mar 2018 06:16
Project One,EP I,Luminosity,12 Mar 2018 06:13
Ran-D,Slam! Hardstyle vol. 16,Zombie - Radio Edit,12 Mar 2018 06:08
Scarphase,Phase One,Enter The Snakepit (Official Snakepit 2016 Anthem) - Radio Edit,12 Mar 2018 06:06
Act of Rage,Sabotage,Let The Games Begin,12 Mar 2018 06:02
Psyko Punkz,Qlimax 2016 Rise Of The Celestials,Spaceship - Radio Edit,12 Mar 2018 05:56
Ran-D,Suicidal Superstar,Suicidal Superstar,12 Mar 2018 05:52
Headhunterz,Hardstyle Top 100 - Best Of 2017,Destiny - Edit,12 Mar 2018 05:50
Bass Modulators,Imagine,Imagine,12 Mar 2018 05:44
Gunz For Hire,Hardstyle The Ultimate Collection Best Of 2017,Armed & Dangerous - Radio Edit,11 Mar 2018 23:42
D-Block & S-te-Fan,Angels & Demons,Angels & Demons,11 Mar 2018 23:39
Chemical Soldiers,FearTheGear Podcast 002,Cosmos,11 Mar 2018 23:36
Frequencerz,Renegades,Renegades,11 Mar 2018 23:32
Radical Redemption,The Road To Redemption (Radio Edits),America - Radio Edit,11 Mar 2018 23:28
Phuture Noize,Hardstyle The Ultimate Collection Best Of 2017,Fire - Radio Edit,11 Mar 2018 23:23
The Pitcher,Keep It Up,Keep It Up,11 Mar 2018 23:20
Aries,Carousel,Carousel,11 Mar 2018 23:17
Post Malone,Stoney,Congratulations,11 Mar 2018 23:13
Lil Skies,Nowadays (feat. Landon Cube),Nowadays (feat. Landon Cube),11 Mar 2018 23:10
The Pitcher,Keep It Up,Keep It Up,11 Mar 2018 23:07
Technoboy,1998,1998 - Extended version,11 Mar 2018 22:07
The Pitcher,Keep It Up,Keep It Up,11 Mar 2018 22:04
Reloaded,Reverze 2018 Essence Of Eternity,A New World,11 Mar 2018 22:01
Freestylers feat. Belle Humble,Never Say Die (Deluxe Edition),Cracks - Flux Pavilion Remix,11 Mar 2018 17:49
Lil Skies,Nowadays (feat. Landon Cube),Nowadays (feat. Landon Cube),11 Mar 2018 17:47
Aries,Carousel,Carousel,11 Mar 2018 17:44
Lil Skies,Red Roses (feat. Landon Cube),Red Roses (Feat. Landon Cube),11 Mar 2018 17:40
Nue,Nightfall,Nightfall,11 Mar 2018 17:36
Lil Skies,Red Roses (feat. Landon Cube),Red Roses (Feat. Landon Cube),11 Mar 2018 17:32
Phuture Noize,Pursuit of Thunder,King Of The Jungle,11 Mar 2018 11:25
KELTEK,Hardstyle Top 100 - 2017,Down To Earth - Radio Edit,11 Mar 2018 11:21
TheFatRat,The Calling (Da Tweekaz Remix),The Calling (Da Tweekaz Remix),11 Mar 2018 11:17
Killshot,Beastmode,Beastmode - Radio Edit,11 Mar 2018 11:13
Ran-D,Firestarter,Firestarter - Radio Edit,11 Mar 2018 11:10
Phuture Noize,The Aftershock EP,The Aftershock,11 Mar 2018 09:58
Clockartz,The Art of Being One,The Art Of Being One,11 Mar 2018 09:53
Clockartz,The Art of Being One,The Art Of Being One,11 Mar 2018 09:50
Ran-D,Drugs,Drugs,11 Mar 2018 09:45
Malice,FearTheGear Podcast 003,N.S.G,11 Mar 2018 09:41
Rejecta,Followed,Followed,11 Mar 2018 09:39
Aries,Carousel,Carousel,11 Mar 2018 02:47
Lil Skies,Nowadays (feat. Landon Cube),Nowadays (feat. Landon Cube),11 Mar 2018 00:54
Radical Redemption,Brutal 6.0,Brutal 6.0 - Radio Edit,10 Mar 2018 15:30
Project One,EP I,Luminosity,10 Mar 2018 15:27
Requiem,Take The Hit,Take The Hit - Original Edit,10 Mar 2018 15:25
Ran-D,Slam! Hardstyle vol. 16,Zombie - Radio Edit,10 Mar 2018 15:18
Refuzion,Without You,Without You - Radio Version,10 Mar 2018 15:15
Psyko Punkz,Qlimax 2016 Rise Of The Celestials,Spaceship - Radio Edit,10 Mar 2018 15:12
D.R.S.,Party & Bullshit EP,Overdose - Original Mix,10 Mar 2018 15:08
Ran-D,Suicidal Superstar,Suicidal Superstar,10 Mar 2018 15:05
Act of Rage,Sabotage,Let The Games Begin,10 Mar 2018 15:01
Noisecontrollers,Hardstyle The Ultimate Collection Best Of 2017,The Spirit of Hardstyle - Radio Edit,10 Mar 2018 14:54
D-Block & S-te-Fan,Angels & Demons,Angels & Demons,10 Mar 2018 14:51
KELTEK,Hardstyle Top 100 - 2017,Down To Earth - Radio Edit,10 Mar 2018 06:47
Gunz For Hire,Welcome To Death Row,Welcome To Death Row,10 Mar 2018 06:42
Physika,The Huntsman,The Huntsman,10 Mar 2018 06:37
Chemical Soldiers,FearTheGear Podcast 002,Cosmos,10 Mar 2018 06:34
Cyber,Union,Union - Radio Version,10 Mar 2018 06:32
Psyko Punkz,Hardstyle Top 100 - Best Of 2017,Play The Drum - Radio Edit,10 Mar 2018 06:28
Headhunterz,Hardstyle Top 100 - Best Of 2017,Destiny - Edit,10 Mar 2018 06:26
Scarphase,Phase One,Enter The Snakepit (Official Snakepit 2016 Anthem) - Radio Edit,10 Mar 2018 06:24
Bass Modulators,Imagine,Imagine,10 Mar 2018 06:20
Radical Redemption,The Road To Redemption (Radio Edits),America - Radio Edit,10 Mar 2018 06:13
Lil Skies,Red Roses (feat. Landon Cube),Red Roses (Feat. Landon Cube),10 Mar 2018 01:28
Post Malone,Stoney,Congratulations,10 Mar 2018 01:25
Aries,Carousel,Carousel,10 Mar 2018 01:22
Kodak Black,Project Baby 2,Roll in Peace (feat. XXXTENTACION),10 Mar 2018 01:19
Lil Skies,Nowadays (feat. Landon Cube),Nowadays (feat. Landon Cube),10 Mar 2018 01:15
Nue,Nightfall,Nightfall,10 Mar 2018 01:12
Lil Skies,Red Roses (feat. Landon Cube),Red Roses (Feat. Landon Cube),10 Mar 2018 01:07
Post Malone,Stoney,Congratulations,10 Mar 2018 01:04
Deadly Guns,The Gunshow,Power Of Truth,10 Mar 2018 00:06
Rejecta,Followed,Followed,10 Mar 2018 00:03
Clockartz,In The Army,In The Army,09 Mar 2018 23:05
Ran-D,Suicidal Superstar,Suicidal Superstar,09 Mar 2018 23:01
Rejecta,Followed,Followed,09 Mar 2018 19:22
TheFatRat,The Calling (Da Tweekaz Remix),The Calling (Da Tweekaz Remix),09 Mar 2018 12:45
Ran-D,Firestarter,Firestarter - Radio Edit,09 Mar 2018 12:41
Psyko Punkz,Qlimax 2016 Rise Of The Celestials,Spaceship - Radio Edit,09 Mar 2018 12:37
Ransom,Pussy Lounge 2016,Fistpumpin' - Edit,09 Mar 2018 12:35
Gunz For Hire,Executioner Style,Executioner Style - Radio Edit,09 Mar 2018 12:32
B-Freqz,Medium Rare,In The Club,09 Mar 2018 12:28
Ran-D,Slam! Hardstyle vol. 16,Zombie - Radio Edit,09 Mar 2018 12:23
Radical Redemption,Brutal 6.0,Brutal 6.0 - Radio Edit,09 Mar 2018 12:20
Killshot,Beastmode,Beastmode - Radio Edit,09 Mar 2018 12:16
D.R.S.,Party & Bullshit EP,Overdose - Original Mix,09 Mar 2018 12:12
Noisecontrollers,Hardstyle The Ultimate Collection Best Of 2017,The Spirit of Hardstyle - Radio Edit,09 Mar 2018 12:08
Project One,EP I,Luminosity,09 Mar 2018 12:04
Rejecta,Followed,Followed,09 Mar 2018 11:58
Rejecta,Followed,Followed,09 Mar 2018 11:00
Rejecta,Followed,Followed,09 Mar 2018 10:56
Eminem,Recovery,Love The Way You Lie,09 Mar 2018 10:51
Eminem,Curtain Call,The Way I Am,09 Mar 2018 10:47
Eminem,Revival,River (feat. Ed Sheeran),09 Mar 2018 10:43
Eminem,Relapse,Beautiful,09 Mar 2018 10:36
Eminem,Curtain Call,Sing for the Moment,09 Mar 2018 10:31
Eminem,Recovery,Seduction,09 Mar 2018 10:26
Eminem,Recovery,Untitled,09 Mar 2018 10:23
Eminem,The Marshall Mathers LP2 (Deluxe),Rhyme or Reason,09 Mar 2018 10:18
Eminem,Revival,Nowhere Fast (feat. Kehlani),09 Mar 2018 10:14
Eminem,Curtain Call,Cleanin' Out My Closet,09 Mar 2018 10:09
Eminem,Recovery,Cinderella Man,09 Mar 2018 10:04
Eminem,The Marshall Mathers LP2 (Deluxe),Stronger than I Was,09 Mar 2018 09:59
Eminem,Curtain Call,Without Me,09 Mar 2018 09:54
Eminem,Curtain Call,When I'm Gone,09 Mar 2018 09:49
Eminem,Recovery,Space Bound,09 Mar 2018 09:45
Eminem,Curtain Call,Shake That,09 Mar 2018 09:40
Eminem,The Marshall Mathers LP2 (Deluxe),Asshole,09 Mar 2018 09:35
Eminem,Curtain Call,Like Toy Soldiers,09 Mar 2018 09:31
Eminem,The Marshall Mathers LP2 (Deluxe),Headlights,09 Mar 2018 09:25
Eminem,Revival,Tragic Endings (feat. Skylar Grey),09 Mar 2018 09:21
Eminem,The Marshall Mathers LP2 (Deluxe),Beautiful Pain,09 Mar 2018 09:16
Eminem,Recovery,No Love,09 Mar 2018 09:11
Eminem,Recovery,Going Through Changes,09 Mar 2018 09:06
Eminem,Curtain Call,Lose Yourself - Soundtrack Version,09 Mar 2018 09:01
Eminem,The Marshall Mathers LP2 (Deluxe),So Much Better,09 Mar 2018 08:57
Eminem,Revival,Like Home (feat. Alicia Keys),09 Mar 2018 08:53
Eminem,The Marshall Mathers LP2 (Deluxe),Legacy,09 Mar 2018 08:48
Eminem,Curtain Call,The Real Slim Shady,09 Mar 2018 08:43
Eminem,The Eminem Show (Explicit Version),Say Goodbye Hollywood,09 Mar 2018 08:39
Eminem,Revival,Bad Husband (feat. X Ambassadors),09 Mar 2018 08:34
Eminem,The Marshall Mathers LP2 (Deluxe),Rap God,09 Mar 2018 08:28
Eminem,The Eminem Show (Explicit Version),White America,09 Mar 2018 02:15
Eminem,The Eminem Show (Explicit Version),'Till I Collapse,09 Mar 2018 02:10
Eminem,Curtain Call,Stan,09 Mar 2018 02:04
Eminem,Recovery,Not Afraid,09 Mar 2018 02:00
Eminem,Curtain Call,Mockingbird,09 Mar 2018 01:56
Lil Skies,Nowadays (feat. Landon Cube),Nowadays (feat. Landon Cube),09 Mar 2018 01:39
Aries,Carousel,Carousel,09 Mar 2018 01:37
Eminem,The Marshall Mathers LP2 (Deluxe),Love Game,09 Mar 2018 01:31
Eminem,Revival,River (feat. Ed Sheeran),09 Mar 2018 01:28
Chemical Soldiers,FearTheGear Podcast 002,Cosmos,08 Mar 2018 16:35
Subsonic,M.F. Psycho,M.F. Psycho - Edit,08 Mar 2018 16:32
D-Block & S-te-Fan,Angels & Demons,Angels & Demons,08 Mar 2018 16:29
Physika,The Huntsman,The Huntsman,08 Mar 2018 16:24
Radical Redemption,The Road To Redemption (Radio Edits),America - Radio Edit,08 Mar 2018 16:21
KELTEK,Hardstyle Top 100 - 2017,Down To Earth - Radio Edit,08 Mar 2018 16:17
Ran-D,Firestarter,Firestarter - Radio Edit,08 Mar 2018 16:14
Headhunterz,Hardstyle Top 100 - Best Of 2017,Destiny - Edit,08 Mar 2018 16:11
Bass Modulators,Imagine,Imagine,08 Mar 2018 16:07
Scarphase,Phase One,Enter The Snakepit (Official Snakepit 2016 Anthem) - Radio Edit,08 Mar 2018 16:05
Rejecta,Followed,Followed,08 Mar 2018 16:01
Gunz For Hire,Hardstyle The Ultimate Collection Best Of 2017,Armed & Dangerous - Radio Edit,08 Mar 2018 15:57
Eminem,Curtain Call,When I'm Gone,08 Mar 2018 07:26
Eminem,Revival,River (feat. Ed Sheeran),08 Mar 2018 07:22
Eminem,Revival,River (feat. Ed Sheeran),08 Mar 2018 07:18
Eminem,Revival,River (feat. Ed Sheeran),08 Mar 2018 07:14
Eminem,Curtain Call,Without Me,08 Mar 2018 07:09
Eminem,Recovery,Seduction,08 Mar 2018 07:05
Eminem,Recovery,Space Bound,08 Mar 2018 00:08
Eminem,The Marshall Mathers LP2 (Deluxe),Stronger than I Was,08 Mar 2018 00:02
Eminem,Relapse,Beautiful,07 Mar 2018 23:56
Eminem,Recovery,Cinderella Man,07 Mar 2018 23:51
Eminem,Curtain Call,Sing for the Moment,07 Mar 2018 23:46
Eminem,Revival,Nowhere Fast (feat. Kehlani),07 Mar 2018 23:41
Eminem,Recovery,Untitled,07 Mar 2018 23:01
Act of Rage,Sabotage,Let The Games Begin,07 Mar 2018 22:56
Frequencerz,Renegades,Renegades,07 Mar 2018 22:53
Rejecta,Followed,Followed,07 Mar 2018 22:50
Rejecta,Followed,Followed,07 Mar 2018 22:46
Rejecta,Followed,Followed,07 Mar 2018 22:43
B.o.B,B.o.B Presents: The Adventures of Bobby Ray,Don't Let Me Fall,07 Mar 2018 21:46
Ed Sheeran,Perfect Symphony (Ed Sheeran & Andrea Bocelli),Perfect Symphony (Ed Sheeran & Andrea Bocelli),07 Mar 2018 21:42
Dante Klein,Coke & Hennessy,Coke & Hennessy,07 Mar 2018 21:38
Kodak Black,Project Baby 2,Roll in Peace (feat. XXXTENTACION),07 Mar 2018 21:35
Lil Skies,Nowadays (feat. Landon Cube),Nowadays (feat. Landon Cube),07 Mar 2018 21:32
Lil Skies,Red Roses (feat. Landon Cube),Red Roses (Feat. Landon Cube),07 Mar 2018 21:28
Aries,Carousel,Carousel,07 Mar 2018 21:25
Nue,Nightfall,Nightfall,07 Mar 2018 21:21
Kodak Black,Project Baby 2,Roll in Peace (feat. XXXTENTACION),07 Mar 2018 21:18
Deadly Guns,The Gunshow,Power Of Truth,07 Mar 2018 21:13
D-Block & S-te-Fan,Angels & Demons,Angels & Demons,07 Mar 2018 17:25
Killshot,Beastmode,Beastmode - Radio Edit,07 Mar 2018 17:21
Ran-D,Slam! Hardstyle vol. 16,Zombie - Radio Edit,07 Mar 2018 17:17
Ran-D,Firestarter,Firestarter - Radio Edit,07 Mar 2018 17:12
Noisecontrollers,Hardstyle The Ultimate Collection Best Of 2017,The Spirit of Hardstyle - Radio Edit,07 Mar 2018 17:07
Rejecta,Followed,Followed,07 Mar 2018 17:01
Project One,EP I,Luminosity,07 Mar 2018 16:57
Psyko Punkz,Hardstyle Top 100 - Best Of 2017,Play The Drum - Radio Edit,07 Mar 2018 16:52
Cyber,Union,Union - Radio Version,07 Mar 2018 16:49
Requiem,Take The Hit,Take The Hit - Original Edit,07 Mar 2018 16:47
Headhunterz,Hardstyle Top 100 - Best Of 2017,Destiny - Edit,07 Mar 2018 16:45
Nue,Nightfall,Nightfall,07 Mar 2018 16:25
Lil Skies,Nowadays (feat. Landon Cube),Nowadays (feat. Landon Cube),07 Mar 2018 16:22
Lil Skies,Red Roses (feat. Landon Cube),Red Roses (Feat. Landon Cube),07 Mar 2018 16:17
Kodak Black,Project Baby 2,Roll in Peace (feat. XXXTENTACION),07 Mar 2018 16:14
Aries,Carousel,Carousel,07 Mar 2018 16:11
Nue,Nightfall,Nightfall,07 Mar 2018 16:08
Lil Skies,Nowadays (feat. Landon Cube),Nowadays (feat. Landon Cube),07 Mar 2018 16:04
Lil Skies,Red Roses (feat. Landon Cube),Red Roses (Feat. Landon Cube),07 Mar 2018 16:00
Kodak Black,Project Baby 2,Roll in Peace (feat. XXXTENTACION),07 Mar 2018 15:57
Tatanka,Afrika E.P.,Afrika - Original Mix,07 Mar 2018 15:52
Gunz For Hire,Qlimax 2016 Rise Of The Celestials,No Mercy - Radio Edit,07 Mar 2018 15:48
Project One,EP I,Luminosity,07 Mar 2018 15:45
TheFatRat,The Calling (Da Tweekaz Remix),The Calling (Da Tweekaz Remix),07 Mar 2018 15:41
Noisecontrollers,Hardstyle The Ultimate Collection Best Of 2017,The Spirit of Hardstyle - Radio Edit,07 Mar 2018 14:15
Chemical Soldiers,FearTheGear Podcast 002,Cosmos,07 Mar 2018 14:12
Killshot,Beastmode,Beastmode - Radio Edit,07 Mar 2018 14:09
Act of Rage,Sabotage,Let The Games Begin,07 Mar 2018 14:05
Healy,Unwind,Unwind,07 Mar 2018 13:43
happytree,In Due Time,S.O.S.,07 Mar 2018 13:40
Kelechi,Don't Fuck It Up,Don't Fuck It Up,07 Mar 2018 13:36
Guordan Banks,Wanna Be Yours,Wanna Be Yours,07 Mar 2018 13:32
Eli Sostre,Cribbo,Cribbo,07 Mar 2018 13:06
Norman Perry,Alive - Single,Alive,07 Mar 2018 13:04
Elton,Callin',Callin',07 Mar 2018 12:59
Ajani Jones,Cocoons,Pyramids,07 Mar 2018 12:56
Myke Bogan,Pool Party,Far Away,07 Mar 2018 12:53
Aries,Carousel,Carousel,07 Mar 2018 12:41
Nue,Nightfall,Nightfall,07 Mar 2018 12:38
On The Fence,Better Than Nothing EP,For Life feat. Burgundy Son,07 Mar 2018 12:35
Eli Sostre,Sleep Is for the Weak,Nobody Else,07 Mar 2018 12:32
Zilo,Keep Up Wimmi,Keep Up Wimmi,07 Mar 2018 12:27
Tory Lanez,MEMORIES DON'T DIE,4 Me,07 Mar 2018 12:24
Riz La Vie,Napkins,Napkins,07 Mar 2018 10:32
ImJaeHall,Nights,Nights,07 Mar 2018 10:28
Joshua J,Lock My Door,Lock My Door,07 Mar 2018 10:24
Nue,Nightfall,Nightfall,07 Mar 2018 10:21
Serious Klein,Boy Boy,Boy Boy,07 Mar 2018 10:18
Myke Bogan,Pool Party,Far Away,07 Mar 2018 10:14
S.L.M.N,Too Much Time (feat. Luu Breeze & Emerson Brooks),Too Much Time (feat. Luu Breeze & Emerson Brooks),07 Mar 2018 10:11
Tobi,January December,January December,07 Mar 2018 10:08
Dougie F,Yellow Durag,Up Dwn,07 Mar 2018 10:05
Lil Skies,Nowadays (feat. Landon Cube),Nowadays (feat. Landon Cube),07 Mar 2018 10:02
DaniLeigh,Summer With Friends,Play,07 Mar 2018 09:49
Nick Brewer,Warning Light,Fall From Here - Jarreau Vandal Remix,07 Mar 2018 07:41
Radical Redemption,Brutal 6.0,Brutal 6.0 - Radio Edit,07 Mar 2018 07:39
B-Freqz,Medium Rare,In The Club,07 Mar 2018 07:35
KELTEK,Hardstyle Top 100 - 2017,Down To Earth - Radio Edit,07 Mar 2018 07:31
Bass Modulators,Imagine,Imagine,07 Mar 2018 07:27
Act of Rage,Sabotage,Let The Games Begin,07 Mar 2018 07:23
Phuture Noize,Pursuit of Thunder,King Of The Jungle,07 Mar 2018 07:19
Minus Militia,Gas D'r Op (Militant Edit),Gas D'r Op - Militant Edit,07 Mar 2018 07:17
Tatanka,Afrika E.P.,Afrika - Original Mix,07 Mar 2018 07:11
Phuture Noize,Hardstyle The Ultimate Collection Best Of 2017,Fire - Radio Edit,07 Mar 2018 07:08
Gunz For Hire,Qlimax 2016 Rise Of The Celestials,No Mercy - Radio Edit,07 Mar 2018 07:04
Physika,The Huntsman,The Huntsman,07 Mar 2018 06:59
Scarphase,Phase One,Enter The Snakepit (Official Snakepit 2016 Anthem) - Radio Edit,07 Mar 2018 06:57
Gunz For Hire,Welcome To Death Row,Welcome To Death Row,07 Mar 2018 06:52
Coone,Young Gifted & Proud (The Qontinent Anthem 2017),Young Gifted & Proud (The Qontinent Anthem 2017),07 Mar 2018 06:48
TheFatRat,The Calling (Da Tweekaz Remix),The Calling (Da Tweekaz Remix),07 Mar 2018 06:44
War Force,Face The Force,Devastation,07 Mar 2018 06:41
Malice,FearTheGear Podcast 003,N.S.G,07 Mar 2018 06:38
E-Force,The Edge Of Insanity,Cut Your Lungs Out,07 Mar 2018 06:34
Wave Pressure,The Ritual,The Ritual,07 Mar 2018 06:31
Concept Art,Adventurous,Adventurous,07 Mar 2018 06:28
KELTEK,Mask On My Face,Mask On My Face,07 Mar 2018 06:25
Coone,Into The Madness,Into The Madness - Radio Edit,07 Mar 2018 06:20
Phuture Noize,Pursuit of Thunder,Human Machinery,07 Mar 2018 06:17
Eminem,Curtain Call,The Real Slim Shady,07 Mar 2018 06:12
Eminem,The Marshall Mathers LP2 (Deluxe),Headlights,07 Mar 2018 05:48
Eminem,Revival,Bad Husband (feat. X Ambassadors),07 Mar 2018 05:43
Eminem,Curtain Call,Like Toy Soldiers,07 Mar 2018 05:38
Eminem,Revival,Like Home (feat. Alicia Keys),07 Mar 2018 05:34
Eminem,Recovery,No Love,07 Mar 2018 05:29
Eminem,The Marshall Mathers LP2 (Deluxe),Beautiful Pain,07 Mar 2018 05:25
Eminem,The Marshall Mathers LP2 (Deluxe),So Much Better,07 Mar 2018 05:20
Eminem,Revival,Tragic Endings (feat. Skylar Grey),07 Mar 2018 00:14
Eminem,Curtain Call,When I'm Gone,07 Mar 2018 00:09
Eminem,The Marshall Mathers LP2 (Deluxe),Legacy,07 Mar 2018 00:04
Eminem,Curtain Call,Lose Yourself - Soundtrack Version,06 Mar 2018 23:59
Eminem,The Eminem Show (Explicit Version),White America,06 Mar 2018 23:54
Eminem,Recovery,Going Through Changes,06 Mar 2018 23:49
Radical Redemption,The Road To Redemption (Radio Edits),America - Radio Edit,06 Mar 2018 23:31
Killshot,Beastmode,Beastmode - Radio Edit,06 Mar 2018 23:28
Ran-D,Firestarter,Firestarter - Radio Edit,06 Mar 2018 23:23
Ran-D,Slam! Hardstyle vol. 16,Zombie - Radio Edit,06 Mar 2018 23:20
D.R.S.,Party & Bullshit EP,Overdose - Original Mix,06 Mar 2018 23:14
Physika,The Huntsman,The Huntsman,06 Mar 2018 23:09
Phuture Noize,Pursuit of Thunder,King Of The Jungle,06 Mar 2018 23:05
Minus Militia,Gas D'r Op (Militant Edit),Gas D'r Op - Militant Edit,06 Mar 2018 23:03
Headhunterz,Hardstyle Top 100 - Best Of 2017,Destiny - Edit,06 Mar 2018 23:00
Gunz For Hire,Hardstyle The Ultimate Collection Best Of 2017,Armed & Dangerous - Radio Edit,06 Mar 2018 22:56
Gunz For Hire,Executioner Style,Executioner Style - Radio Edit,06 Mar 2018 22:52
Coone,Young Gifted & Proud (The Qontinent Anthem 2017),Young Gifted & Proud (The Qontinent Anthem 2017),06 Mar 2018 22:48
Psyko Punkz,Qlimax 2016 Rise Of The Celestials,Spaceship - Radio Edit,06 Mar 2018 22:45
De Doelleazen,De Hiele Tent Giet Nei De Bliksum,De Hiele Tent Giet Nei De Bliksum,06 Mar 2018 22:42
Psyko Punkz,Hardstyle Top 100 - Best Of 2017,Play The Drum - Radio Edit,06 Mar 2018 22:39
Scarphase,Phase One,Enter The Snakepit (Official Snakepit 2016 Anthem) - Radio Edit,06 Mar 2018 22:37
Ransom,Pussy Lounge 2016,Fistpumpin' - Edit,06 Mar 2018 22:34
Subsonic,M.F. Psycho,M.F. Psycho - Edit,06 Mar 2018 22:31
Refuzion,Without You,Without You - Radio Version,06 Mar 2018 22:28
Cyber,Union,Union - Radio Version,06 Mar 2018 22:26
Phuture Noize,Hardstyle The Ultimate Collection Best Of 2017,Fire - Radio Edit,06 Mar 2018 22:23
Eminem,Curtain Call,Cleanin' Out My Closet,06 Mar 2018 22:17
Eminem,The Eminem Show (Explicit Version),White America,06 Mar 2018 22:12
Eminem,Revival,Nowhere Fast (feat. Kehlani),06 Mar 2018 22:08
Da Tweekaz,The Qontinent 2013,Bad Habit - Radio Version,06 Mar 2018 20:01
Malice,Aggressive Acts,Aggressive Acts - Original Mix,06 Mar 2018 19:55
Yelawolf,Love Story,Best Friend,06 Mar 2018 19:50
Jack Ü,To Ü (feat. AlunaGeorge) [Remixes],To Ü (feat. AlunaGeorge) - George Remix,06 Mar 2018 19:46
Stromae,Racine Carrée,Carmen,06 Mar 2018 19:42
Shawn Mendes,Illuminate (Deluxe),Treat You Better,06 Mar 2018 19:39
Desiigner,Tiimmy Turner (Remix),Tiimmy Turner - Remix,06 Mar 2018 19:36
Tiësto,get down,Get Down,06 Mar 2018 19:32
Charly Lownoise,happy hardcore top 100,Wonderful Days,06 Mar 2018 19:26
Enemy Contact,Our World,Our World,06 Mar 2018 19:23
Stormerz,Keep On Moving,Keep On Moving,06 Mar 2018 19:20
Eminem,Curtain Call,Stan,06 Mar 2018 17:51
Eminem,The Marshall Mathers LP2 (Deluxe),Rap God,06 Mar 2018 17:45
Eminem,Recovery,Space Bound,06 Mar 2018 13:48
Eminem,Relapse,Beautiful,06 Mar 2018 13:41
Eminem,The Eminem Show (Explicit Version),Say Goodbye Hollywood,06 Mar 2018 13:37
Eminem,Curtain Call,Mockingbird,06 Mar 2018 13:32
Eminem,Recovery,Seduction,06 Mar 2018 12:48
Eminem,The Marshall Mathers LP2 (Deluxe),Stronger than I Was,06 Mar 2018 12:43
Eminem,The Marshall Mathers LP2 (Deluxe),Love Game,06 Mar 2018 07:11
Eminem,Curtain Call,Without Me,06 Mar 2018 07:06
Eminem,Revival,Nowhere Fast (feat. Kehlani),06 Mar 2018 07:01
Headhunterz,The Return Of Headhunterz,Our Church,06 Mar 2018 06:27
Headhunterz,The Return Of Headhunterz,Path Of The Hunter,06 Mar 2018 06:21
Headhunterz,The Return Of Headhunterz,Still Standin',06 Mar 2018 06:17
Headhunterz,The Return Of Headhunterz,The Truth (Interlude),06 Mar 2018 06:16
Headhunterz,The Return Of Headhunterz,Destiny (Cinematic Edit),06 Mar 2018 06:13
Headhunterz,The Return Of Headhunterz,intro,06 Mar 2018 06:12
Headhunterz,The Return Of Headhunterz,Takin' It Back,06 Mar 2018 06:09
Headhunterz,The Return Of Headhunterz,Rescue Me,06 Mar 2018 06:05
Headhunterz,The Return Of Headhunterz,Eye Of The Storm (Interlude),06 Mar 2018 06:04
Headhunterz,The Return Of Headhunterz,No One Can Stop Us Now,06 Mar 2018 06:00
Bass Chaserz,Oh Yeah Boom,Oh Yeah Boom,06 Mar 2018 05:56
Subsonic,M.F. Psycho,M.F. Psycho - Edit,06 Mar 2018 05:53
Wildstylez,10 Years Noisecontrollers,Tonight,06 Mar 2018 05:50
Radical Redemption,Brutal 6.0,Brutal 6.0 - Radio Edit,06 Mar 2018 05:46
Atmozfears,Derailed Traxx Grey vs Concept Art,Reawakening - Radio Edit,06 Mar 2018 05:43
Luminite,Behind Enemy Lines,Extraterrestrial Science,06 Mar 2018 05:39
Phuture Noize,Pursuit of Thunder,Walls Crashin' Down,06 Mar 2018 05:36
The Prophet,Tyrone,Tyrone,06 Mar 2018 05:32
Project One,EP I,Luminosity,06 Mar 2018 05:29
Requiem,Take The Hit,Take The Hit - Original Edit,06 Mar 2018 05:27
Donkey Rollers,15 Years of Hardstyle,What We Are,06 Mar 2018 05:25
Noisecontrollers,Hardstyle The Ultimate Collection Best Of 2017,The Spirit of Hardstyle - Radio Edit,06 Mar 2018 05:20
Clockartz,In The Army,In The Army,06 Mar 2018 05:17
Headhunterz,Hardstyle Top 100 - Best Of 2017,Destiny - Edit,06 Mar 2018 05:14
Ran-D,Firestarter,Firestarter - Radio Edit,06 Mar 2018 05:09
B-Freqz,Medium Rare,In The Club,06 Mar 2018 05:05
KELTEK,Hardstyle Top 100 - 2017,Down To Earth - Radio Edit,06 Mar 2018 05:01
Bass Modulators,Imagine,Imagine,06 Mar 2018 04:57
Da Tweekaz,How Far I'll Go,How Far I'll Go,06 Mar 2018 04:52
Adrenalize,Wherever The Light Ends,Wherever The Light Ends,06 Mar 2018 04:49
Sound Rush,Hardstyle The Annual 2017,Unshakable - Original Mix,06 Mar 2018 04:45
Psyko Punkz,Hardstyle Top 100 - Best Of 2017,Play The Drum - Radio Edit,06 Mar 2018 04:41
Gunz For Hire,Executioner Style,Executioner Style - Radio Edit,06 Mar 2018 04:38
Korsakoff,Unconquered (2017 Edit),Unconquered - 2017 Edit,06 Mar 2018 04:34
Cyber,Union,Union - Radio Version,06 Mar 2018 04:32
Devin Wild,Meltdown,Meltdown,06 Mar 2018 04:28
Coone,Less Is More,Faye,06 Mar 2018 04:25
Phuture Noize,Pursuit of Thunder,The Grind,06 Mar 2018 04:22
Phildel,Qi,QI,06 Mar 2018 00:00
Jean Permentier,French Quarters In Rain,French Quarters In Rain,05 Mar 2018 23:56
Hermann,Leaves (Remastered),Leaves,05 Mar 2018 23:54
Yann Tiersen,Amelie From Montmartre,Comptine d'un autre été L'Après-midi,05 Mar 2018 23:52
daigo hanada,Ichiru,Butterfly,05 Mar 2018 23:50
Samuel Lindon,La tour,La Tour,05 Mar 2018 23:48
Chad Lawson,The Piano,Nocturne in a Minor,05 Mar 2018 23:42
Otto Wahl,Moods Of The Valley,Moods of the Valley,05 Mar 2018 23:38
Gavin Luke,Drifting Among Strangers,Delicate Transitions,05 Mar 2018 23:36
Eminem,Curtain Call,Cleanin' Out My Closet,05 Mar 2018 23:04
Eminem,The Marshall Mathers LP2 (Deluxe),Rhyme or Reason,05 Mar 2018 22:53
Deadly Guns,The Gunshow,Power Of Truth,05 Mar 2018 22:47
Phuture Noize,Pursuit of Thunder,Chaos & Order,05 Mar 2018 21:28
Phuture Noize,Pursuit of Thunder,Walls Crashin' Down,05 Mar 2018 21:25
